{"cameraMode":{"drawMode":0,"name":"Shaded","section":"Shading Mode"},"sceneLighting":true,"audioPlay":false,"sceneViewState":{"m_AlwaysRefresh":true,"showFog":true,"showSkybox":true,"showFlares":true,"showImageEffects":true,"showParticleSystems":true,"showVisualEffectGraphs":true,"m_FxEnabled":true},"in2DMode":false,"pivot":{"x":19.214065551757814,"y":12.524009704589844,"z":1.878689169883728},"rotation":{"x":-0.033368222415447238,"y":0.7407906651496887,"z":-0.036958660930395129,"w":-0.6699579358100891},"size":0.44444194436073305,"orthographic":false}