{"cameraMode":{"drawMode":0,"name":"Shaded","section":"Shading Mode"},"sceneLighting":true,"audioPlay":false,"sceneViewState":{"m_AlwaysRefresh":true,"showFog":true,"showSkybox":true,"showFlares":true,"showImageEffects":true,"showParticleSystems":true,"showVisualEffectGraphs":true,"m_FxEnabled":true},"in2DMode":false,"pivot":{"x":10.286202430725098,"y":2.313908100128174,"z":6.220160961151123},"rotation":{"x":-0.01895589381456375,"y":0.28837689757347109,"z":-0.005762648303061724,"w":-0.9573702216148377},"size":0.44444194436073305,"orthographic":false}